Indicator,Year,Geography,FIPS,Cases,Rate per 100000,Abst
Primary and Secondary Syphilis,2019,Alabama,1,618,12.6,0
Primary and Secondary Syphilis,2018,Alabama,1,477,9.8,0
Primary and Secondary Syphilis,2017,Alabama,1,424,8.7,0
Primary and Secondary Syphilis,2016,Alabama,1,376,7.7,0
Primary and Secondary Syphilis,2015,Alabama,1,280,5.8,0
Gonorrhea,2019,Alabama,1,"14,492",295.6,0
Gonorrhea,2018,Alabama,1,"12,742",260.7,0
Gonorrhea,2017,Alabama,1,"11,948",245.1,0
Gonorrhea,2016,Alabama,1,"8,408",172.9,0
Gonorrhea,2015,Alabama,1,"7,196",148.3,0
"Early Non-Primary, Non-Secondary Syphilis",2019,Alabama,1,540,11,0
"Early Non-Primary, Non-Secondary Syphilis",2018,Alabama,1,447,9.1,0
"Early Non-Primary, Non-Secondary Syphilis",2017,Alabama,1,425,8.7,0
"Early Non-Primary, Non-Secondary Syphilis",2016,Alabama,1,293,6,0
"Early Non-Primary, Non-Secondary Syphilis",2015,Alabama,1,177,3.6,0
Congenital Syphilis,2019,Alabama,1,15,25.6,0
Congenital Syphilis,2018,Alabama,1,7,12.1,0
Congenital Syphilis,2017,Alabama,1,6,10.2,0
Congenital Syphilis,2016,Alabama,1,4,6.8,0
Congenital Syphilis,2015,Alabama,1,3,5,0
Chlamydia,2019,Alabama,1,"31,228",636.9,0
Chlamydia,2018,Alabama,1,"28,437",581.8,0
Chlamydia,2017,Alabama,1,"29,935",614.1,0
Chlamydia,2016,Alabama,1,"26,901",553.1,0
Chlamydia,2015,Alabama,1,"26,359",543.2,0
Primary and Secondary Syphilis,2019,Alaska,2,129,17.6,0
Primary and Secondary Syphilis,2018,Alaska,2,55,7.5,0
Primary and Secondary Syphilis,2017,Alaska,2,13,1.8,0
Primary and Secondary Syphilis,2016,Alaska,2,8,1.1,0
Primary and Secondary Syphilis,2015,Alaska,2,8,1.1,0
Gonorrhea,2019,Alaska,2,"2,213",302.5,0
Gonorrhea,2018,Alaska,2,"2,247",305.7,0
Gonorrhea,2017,Alaska,2,"2,189",295.9,0
Gonorrhea,2016,Alaska,2,"1,454",196.1,0
Gonorrhea,2015,Alaska,2,"1,113",150.9,0
"Early Non-Primary, Non-Secondary Syphilis",2019,Alaska,2,78,10.7,0
"Early Non-Primary, Non-Secondary Syphilis",2018,Alaska,2,41,5.6,0
"Early Non-Primary, Non-Secondary Syphilis",2017,Alaska,2,9,1.2,0
"Early Non-Primary, Non-Secondary Syphilis",2016,Alaska,2,13,1.8,0
"Early Non-Primary, Non-Secondary Syphilis",2015,Alaska,2,13,1.8,0
Congenital Syphilis,2019,Alaska,2,0,0,0
Congenital Syphilis,2018,Alaska,2,1,9.9,0
Congenital Syphilis,2017,Alaska,2,0,0,0
Congenital Syphilis,2016,Alaska,2,0,0,0
Congenital Syphilis,2015,Alaska,2,0,0,0
Chlamydia,2019,Alaska,2,"6,254",854.9,0
Chlamydia,2018,Alaska,2,"6,159",837.8,0
Chlamydia,2017,Alaska,2,"5,934",802.2,0
Chlamydia,2016,Alaska,2,"5,698",768.5,0
Chlamydia,2015,Alaska,2,"5,660",767.5,0
Primary and Secondary Syphilis,2019,Arizona,4,"1,290",17.7,1
Primary and Secondary Syphilis,2018,Arizona,4,"1,047",14.6,1
Primary and Secondary Syphilis,2017,Arizona,4,943,13.4,1
Primary and Secondary Syphilis,2016,Arizona,4,721,10.4,1
Primary and Secondary Syphilis,2015,Arizona,4,589,8.6,1
Gonorrhea,2019,Arizona,4,"15,180",208.6,1
Gonorrhea,2018,Arizona,4,"12,870",179.8,1
Gonorrhea,2017,Arizona,4,"12,502",177.5,1
Gonorrhea,2016,Arizona,4,"10,330",148.8,1
Gonorrhea,2015,Arizona,4,"8,245",120.7,1
"Early Non-Primary, Non-Secondary Syphilis",2019,Arizona,4,"1,179",16.2,1
"Early Non-Primary, Non-Secondary Syphilis",2018,Arizona,4,898,12.5,1
"Early Non-Primary, Non-Secondary Syphilis",2017,Arizona,4,620,8.8,1
"Early Non-Primary, Non-Secondary Syphilis",2016,Arizona,4,488,7,1
"Early Non-Primary, Non-Secondary Syphilis",2015,Arizona,4,361,5.3,1
Congenital Syphilis,2019,Arizona,4,109,137.3,1
Congenital Syphilis,2018,Arizona,4,61,75.6,1
Congenital Syphilis,2017,Arizona,4,32,39.1,1
Congenital Syphilis,2016,Arizona,4,17,20.1,1
Congenital Syphilis,2015,Arizona,4,14,16.4,1
Chlamydia,2019,Arizona,4,"43,058",591.6,1
Chlamydia,2018,Arizona,4,"40,807",570.1,1
Chlamydia,2017,Arizona,4,"39,598",562.2,1
Chlamydia,2016,Arizona,4,"34,923",503.1,1
Chlamydia,2015,Arizona,4,"32,387",474.2,1
Primary and Secondary Syphilis,2019,Arkansas,5,404,13.4,1
Primary and Secondary Syphilis,2018,Arkansas,5,288,9.6,1
Primary and Secondary Syphilis,2017,Arkansas,5,234,7.8,1
Primary and Secondary Syphilis,2016,Arkansas,5,150,5,1
Primary and Secondary Syphilis,2015,Arkansas,5,134,4.5,1
Gonorrhea,2019,Arkansas,5,"6,907",228.9,1
Gonorrhea,2018,Arkansas,5,"7,300",242.5,1
Gonorrhea,2017,Arkansas,5,"6,710",223.6,1
Gonorrhea,2016,Arkansas,5,"5,732",191.7,1
Gonorrhea,2015,Arkansas,5,"4,780",160.5,1
"Early Non-Primary, Non-Secondary Syphilis",2019,Arkansas,5,267,8.8,1
"Early Non-Primary, Non-Secondary Syphilis",2018,Arkansas,5,364,12.1,1
"Early Non-Primary, Non-Secondary Syphilis",2017,Arkansas,5,328,10.9,1
"Early Non-Primary, Non-Secondary Syphilis",2016,Arkansas,5,280,9.4,1
"Early Non-Primary, Non-Secondary Syphilis",2015,Arkansas,5,216,7.3,1
Congenital Syphilis,2019,Arkansas,5,21,57.4,1
Congenital Syphilis,2018,Arkansas,5,25,67.5,1
Congenital Syphilis,2017,Arkansas,5,8,21.3,1
Congenital Syphilis,2016,Arkansas,5,6,15.7,1
Congenital Syphilis,2015,Arkansas,5,5,12.9,1
Chlamydia,2019,Arkansas,5,"17,196",569.8,1
Chlamydia,2018,Arkansas,5,"17,663",586.9,1
Chlamydia,2017,Arkansas,5,"17,320",577.1,1
Chlamydia,2016,Arkansas,5,"16,737",559.8,1
Chlamydia,2015,Arkansas,5,"16,166",542.8,1
Primary and Secondary Syphilis,2019,California,6,"8,266",20.9,0
Primary and Secondary Syphilis,2018,California,6,"7,607",19.3,0
Primary and Secondary Syphilis,2017,California,6,"6,708",17,0
Primary and Secondary Syphilis,2016,California,6,"5,891",15,0
Primary and Secondary Syphilis,2015,California,6,"4,908",12.6,0
Gonorrhea,2019,California,6,"80,301",203.2,0
Gonorrhea,2018,California,6,"79,192",200.7,0
Gonorrhea,2017,California,6,"75,348",191.4,0
Gonorrhea,2016,California,6,"64,551",164.8,0
Gonorrhea,2015,California,6,"54,135",139.1,0
"Early Non-Primary, Non-Secondary Syphilis",2019,California,6,"8,284",21,0
"Early Non-Primary, Non-Secondary Syphilis",2018,California,6,"7,708",19.5,0
"Early Non-Primary, Non-Secondary Syphilis",2017,California,6,"7,028",17.9,0
"Early Non-Primary, Non-Secondary Syphilis",2016,California,6,"5,289",13.5,0
"Early Non-Primary, Non-Secondary Syphilis",2015,California,6,"4,435",11.4,0
Congenital Syphilis,2019,California,6,444,99.4,0
Congenital Syphilis,2018,California,6,329,72.3,0
Congenital Syphilis,2017,California,6,281,59.6,0
Congenital Syphilis,2016,California,6,207,42.3,0
Congenital Syphilis,2015,California,6,140,28.5,0
Chlamydia,2019,California,6,"236,719",599.1,0
Chlamydia,2018,California,6,"231,415",586.4,0
Chlamydia,2017,California,6,"218,785",555.9,0
Chlamydia,2016,California,6,"198,155",505.9,0
Chlamydia,2015,California,6,"189,170",486.1,0
Primary and Secondary Syphilis,2019,Colorado,8,486,8.4,0
Primary and Secondary Syphilis,2018,Colorado,8,337,5.9,0
Primary and Secondary Syphilis,2017,Colorado,8,292,5.2,0
Primary and Secondary Syphilis,2016,Colorado,8,250,4.5,0
Primary and Secondary Syphilis,2015,Colorado,8,245,4.5,0
Gonorrhea,2019,Colorado,8,"9,572",166.2,0
Gonorrhea,2018,Colorado,8,"8,894",156.3,0
Gonorrhea,2017,Colorado,8,"8,478",151.1,0
Gonorrhea,2016,Colorado,8,"5,975",107.9,0
Gonorrhea,2015,Colorado,8,"4,387",80.5,0
"Early Non-Primary, Non-Secondary Syphilis",2019,Colorado,8,453,7.9,0
"Early Non-Primary, Non-Secondary Syphilis",2018,Colorado,8,362,6.4,0
"Early Non-Primary, Non-Secondary Syphilis",2017,Colorado,8,281,5,0
"Early Non-Primary, Non-Secondary Syphilis",2016,Colorado,8,274,4.9,0
"Early Non-Primary, Non-Secondary Syphilis",2015,Colorado,8,212,3.9,0
Congenital Syphilis,2019,Colorado,8,10,15.9,0
Congenital Syphilis,2018,Colorado,8,8,12.7,0
Congenital Syphilis,2017,Colorado,8,4,6.2,0
Congenital Syphilis,2016,Colorado,8,4,6,0
Congenital Syphilis,2015,Colorado,8,0,0,0
Chlamydia,2019,Colorado,8,"29,821",517.8,0
Chlamydia,2018,Colorado,8,"29,124",511.7,0
Chlamydia,2017,Colorado,8,"26,995",481,0
Chlamydia,2016,Colorado,8,"25,569",461.6,0
Chlamydia,2015,Colorado,8,"23,857",437.7,0
Primary and Secondary Syphilis,2019,Connecticut,9,210,5.9,0
Primary and Secondary Syphilis,2018,Connecticut,9,91,2.5,0
Primary and Secondary Syphilis,2017,Connecticut,9,110,3.1,0
Primary and Secondary Syphilis,2016,Connecticut,9,110,3.1,0
Primary and Secondary Syphilis,2015,Connecticut,9,92,2.6,0
Gonorrhea,2019,Connecticut,9,"4,418",123.9,0
Gonorrhea,2018,Connecticut,9,"4,959",138.8,0
Gonorrhea,2017,Connecticut,9,"3,913",109.5,0
Gonorrhea,2016,Connecticut,9,"2,731",76.3,0
Gonorrhea,2015,Connecticut,9,"2,088",58.2,0
"Early Non-Primary, Non-Secondary Syphilis",2019,Connecticut,9,159,4.5,0
"Early Non-Primary, Non-Secondary Syphilis",2018,Connecticut,9,77,2.2,0
"Early Non-Primary, Non-Secondary Syphilis",2017,Connecticut,9,145,4.1,0
"Early Non-Primary, Non-Secondary Syphilis",2016,Connecticut,9,84,2.3,0
"Early Non-Primary, Non-Secondary Syphilis",2015,Connecticut,9,97,2.7,0
Congenital Syphilis,2019,Connecticut,9,3,8.8,0
Congenital Syphilis,2018,Connecticut,9,2,5.8,0
Congenital Syphilis,2017,Connecticut,9,0,0,0
Congenital Syphilis,2016,Connecticut,9,0,0,0
Congenital Syphilis,2015,Connecticut,9,1,2.8,0
Chlamydia,2019,Connecticut,9,"15,290",428.9,0
Chlamydia,2018,Connecticut,9,"16,732",468.5,0
Chlamydia,2017,Connecticut,9,"17,750",496.7,0
Chlamydia,2016,Connecticut,9,"13,911",388.8,0
Chlamydia,2015,Connecticut,9,"13,126",365.9,0
Primary and Secondary Syphilis,2019,Delaware,10,94,9.7,0
Primary and Secondary Syphilis,2018,Delaware,10,30,3.1,0
Primary and Secondary Syphilis,2017,Delaware,10,57,6,0
Primary and Secondary Syphilis,2016,Delaware,10,58,6.1,0
Primary and Secondary Syphilis,2015,Delaware,10,41,4.4,0
Gonorrhea,2019,Delaware,10,"1,617",166.1,0
Gonorrhea,2018,Delaware,10,"1,691",175.1,0
Gonorrhea,2017,Delaware,10,"1,784",186.5,0
Gonorrhea,2016,Delaware,10,"1,702",179.4,0
Gonorrhea,2015,Delaware,10,"1,310",139.2,0
"Early Non-Primary, Non-Secondary Syphilis",2019,Delaware,10,65,6.7,0
"Early Non-Primary, Non-Secondary Syphilis",2018,Delaware,10,36,3.7,0
"Early Non-Primary, Non-Secondary Syphilis",2017,Delaware,10,49,5.1,0
"Early Non-Primary, Non-Secondary Syphilis",2016,Delaware,10,57,6,0
"Early Non-Primary, Non-Secondary Syphilis",2015,Delaware,10,47,5,0
Congenital Syphilis,2019,Delaware,10,2,18.9,0
Congenital Syphilis,2018,Delaware,10,0,0,0
Congenital Syphilis,2017,Delaware,10,0,0,0
Congenital Syphilis,2016,Delaware,10,0,0,0
Congenital Syphilis,2015,Delaware,10,1,9,0
Chlamydia,2019,Delaware,10,"5,864",602.2,0
Chlamydia,2018,Delaware,10,"6,038",625.4,0
Chlamydia,2017,Delaware,10,"5,392",563.5,0
Chlamydia,2016,Delaware,10,"5,365",565.4,0
Chlamydia,2015,Delaware,10,"4,605",489.2,0
Primary and Secondary Syphilis,2019,District of Columbia,11,308,43.6,0
Primary and Secondary Syphilis,2018,District of Columbia,11,279,39.8,0
Primary and Secondary Syphilis,2017,District of Columbia,11,274,39.4,0
Primary and Secondary Syphilis,2016,District of Columbia,11,161,23.5,0
Primary and Secondary Syphilis,2015,District of Columbia,11,95,14.1,0
Gonorrhea,2019,District of Columbia,11,"4,382",620.9,0
Gonorrhea,2018,District of Columbia,11,"4,240",604.4,0
Gonorrhea,2017,District of Columbia,11,"4,563",656.6,0
Gonorrhea,2016,District of Columbia,11,"3,226",470.4,0
Gonorrhea,2015,District of Columbia,11,"2,742",406,0
"Early Non-Primary, Non-Secondary Syphilis",2019,District of Columbia,11,414,58.7,0
"Early Non-Primary, Non-Secondary Syphilis",2018,District of Columbia,11,336,47.9,0
"Early Non-Primary, Non-Secondary Syphilis",2017,District of Columbia,11,341,49.1,0
"Early Non-Primary, Non-Secondary Syphilis",2016,District of Columbia,11,355,51.8,0
"Early Non-Primary, Non-Secondary Syphilis",2015,District of Columbia,11,200,29.6,0
Congenital Syphilis,2019,District of Columbia,11,1,11,0
Congenital Syphilis,2018,District of Columbia,11,1,10.9,0
Congenital Syphilis,2017,District of Columbia,11,0,0,0
Congenital Syphilis,2016,District of Columbia,11,1,10.1,0
Congenital Syphilis,2015,District of Columbia,11,1,10.4,0
Chlamydia,2019,District of Columbia,11,"9,327",1321.6,0
Chlamydia,2018,District of Columbia,11,"9,014",1284.9,0
Chlamydia,2017,District of Columbia,11,"9,107",1310.5,0
Chlamydia,2016,District of Columbia,11,"7,283",1061.9,0
Chlamydia,2015,District of Columbia,11,"7,894",1168.8,0
Primary and Secondary Syphilis,2019,Florida,12,"3,189",14.8,1
Primary and Secondary Syphilis,2018,Florida,12,"2,880",13.6,1
Primary and Secondary Syphilis,2017,Florida,12,"2,390",11.4,1
Primary and Secondary Syphilis,2016,Florida,12,"2,406",11.7,1
Primary and Secondary Syphilis,2015,Florida,12,"2,083",10.3,1
Gonorrhea,2019,Florida,12,"36,804",171.4,1
Gonorrhea,2018,Florida,12,"32,644",153.7,1
Gonorrhea,2017,Florida,12,"31,683",151.1,1
Gonorrhea,2016,Florida,12,"28,162",136.6,1
Gonorrhea,2015,Florida,12,"24,125",119.4,1
"Early Non-Primary, Non-Secondary Syphilis",2019,Florida,12,"4,142",19.3,1
"Early Non-Primary, Non-Secondary Syphilis",2018,Florida,12,"3,939",18.5,1
"Early Non-Primary, Non-Secondary Syphilis",2017,Florida,12,"3,033",14.5,1
"Early Non-Primary, Non-Secondary Syphilis",2016,Florida,12,"2,634",12.8,1
"Early Non-Primary, Non-Secondary Syphilis",2015,Florida,12,"2,288",11.3,1
Congenital Syphilis,2019,Florida,12,145,65.9,1
Congenital Syphilis,2018,Florida,12,109,49.2,1
Congenital Syphilis,2017,Florida,12,99,44.3,1
Congenital Syphilis,2016,Florida,12,61,27.1,1
Congenital Syphilis,2015,Florida,12,40,17.8,1
Chlamydia,2019,Florida,12,"110,794",515.9,1
Chlamydia,2018,Florida,12,"104,758",493.1,1
Chlamydia,2017,Florida,12,"100,018",477.1,1
Chlamydia,2016,Florida,12,"94,742",459.6,1
Chlamydia,2015,Florida,12,"90,468",447.7,1
Primary and Secondary Syphilis,2019,Georgia,13,"1,750",16.5,1
Primary and Secondary Syphilis,2018,Georgia,13,"1,607",15.3,1
Primary and Secondary Syphilis,2017,Georgia,13,"1,489",14.3,1
Primary and Secondary Syphilis,2016,Georgia,13,"1,350",13.1,1
Primary and Secondary Syphilis,2015,Georgia,13,"1,413",13.9,1
Gonorrhea,2019,Georgia,13,"21,257",200.2,1
Gonorrhea,2018,Georgia,13,"20,867",198.5,1
Gonorrhea,2017,Georgia,13,"22,667",217.7,1
Gonorrhea,2016,Georgia,13,"20,553",199.5,1
Gonorrhea,2015,Georgia,13,"15,982",157,1
"Early Non-Primary, Non-Secondary Syphilis",2019,Georgia,13,"1,733",16.3,1
"Early Non-Primary, Non-Secondary Syphilis",2018,Georgia,13,"1,517",14.4,1
"Early Non-Primary, Non-Secondary Syphilis",2017,Georgia,13,"1,218",11.7,1
"Early Non-Primary, Non-Secondary Syphilis",2016,Georgia,13,"1,263",12.3,1
"Early Non-Primary, Non-Secondary Syphilis",2015,Georgia,13,"1,477",14.5,1
Congenital Syphilis,2019,Georgia,13,56,44.3,1
Congenital Syphilis,2018,Georgia,13,31,24.6,1
Congenital Syphilis,2017,Georgia,13,23,17.8,1
Congenital Syphilis,2016,Georgia,13,21,16.1,1
Congenital Syphilis,2015,Georgia,13,21,16,1
Chlamydia,2019,Georgia,13,"67,720",637.8,1
Chlamydia,2018,Georgia,13,"65,936",627.3,1
Chlamydia,2017,Georgia,13,"65,104",625.4,1
Chlamydia,2016,Georgia,13,"62,776",609.4,1
Chlamydia,2015,Georgia,13,"57,639",566.3,1
Primary and Secondary Syphilis,2019,Hawaii,15,120,8.5,0
Primary and Secondary Syphilis,2018,Hawaii,15,92,6.5,0
Primary and Secondary Syphilis,2017,Hawaii,15,94,6.6,0
Primary and Secondary Syphilis,2016,Hawaii,15,112,7.8,0
Primary and Secondary Syphilis,2015,Hawaii,15,91,6.4,0
Gonorrhea,2019,Hawaii,15,"1,494",105.5,0
Gonorrhea,2018,Hawaii,15,"1,495",105.2,0
Gonorrhea,2017,Hawaii,15,"1,358",95.3,0
Gonorrhea,2016,Hawaii,15,"1,467",102.8,0
Gonorrhea,2015,Hawaii,15,"1,239",87.1,0
"Early Non-Primary, Non-Secondary Syphilis",2019,Hawaii,15,95,6.7,0
"Early Non-Primary, Non-Secondary Syphilis",2018,Hawaii,15,87,6.1,0
"Early Non-Primary, Non-Secondary Syphilis",2017,Hawaii,15,58,4.1,0
"Early Non-Primary, Non-Secondary Syphilis",2016,Hawaii,15,89,6.2,0
"Early Non-Primary, Non-Secondary Syphilis",2015,Hawaii,15,56,3.9,0
Congenital Syphilis,2019,Hawaii,15,3,17.9,0
Congenital Syphilis,2018,Hawaii,15,4,23.6,0
Congenital Syphilis,2017,Hawaii,15,3,17.1,0
Congenital Syphilis,2016,Hawaii,15,1,5.5,0
Congenital Syphilis,2015,Hawaii,15,2,10.9,0
Chlamydia,2019,Hawaii,15,"8,093",571.6,0
Chlamydia,2018,Hawaii,15,"7,735",544.5,0
Chlamydia,2017,Hawaii,15,"6,850",480.9,0
Chlamydia,2016,Hawaii,15,"6,902",483.5,0
Chlamydia,2015,Hawaii,15,"7,074",497.5,0
Primary and Secondary Syphilis,2019,Idaho,16,47,2.6,0
Primary and Secondary Syphilis,2018,Idaho,16,46,2.6,0
Primary and Secondary Syphilis,2017,Idaho,16,64,3.7,0
Primary and Secondary Syphilis,2016,Idaho,16,50,3,0
Primary and Secondary Syphilis,2015,Idaho,16,57,3.5,0
Gonorrhea,2019,Idaho,16,"1,491",83.4,0
Gonorrhea,2018,Idaho,16,"1,134",64.8,0
Gonorrhea,2017,Idaho,16,987,57.5,0
Gonorrhea,2016,Idaho,16,635,37.7,0
Gonorrhea,2015,Idaho,16,472,28.6,0
"Early Non-Primary, Non-Secondary Syphilis",2019,Idaho,16,40,2.2,0
"Early Non-Primary, Non-Secondary Syphilis",2018,Idaho,16,33,1.9,0
"Early Non-Primary, Non-Secondary Syphilis",2017,Idaho,16,41,2.4,0
"Early Non-Primary, Non-Secondary Syphilis",2016,Idaho,16,33,2,0
"Early Non-Primary, Non-Secondary Syphilis",2015,Idaho,16,24,1.5,0
Congenital Syphilis,2019,Idaho,16,1,4.5,0
Congenital Syphilis,2018,Idaho,16,1,4.7,0
Congenital Syphilis,2017,Idaho,16,0,0,0
Congenital Syphilis,2016,Idaho,16,0,0,0
Congenital Syphilis,2015,Idaho,16,0,0,0
Chlamydia,2019,Idaho,16,"6,863",384,0
Chlamydia,2018,Idaho,16,"6,572",375.4,0
Chlamydia,2017,Idaho,16,"6,200",360.9,0
Chlamydia,2016,Idaho,16,"5,897",350.5,0
Chlamydia,2015,Idaho,16,"5,631",341.1,0
Primary and Secondary Syphilis,2019,Illinois,17,"1,374",10.8,0
Primary and Secondary Syphilis,2018,Illinois,17,"1,408",11.1,0
Primary and Secondary Syphilis,2017,Illinois,17,"1,225",9.6,0
Primary and Secondary Syphilis,2016,Illinois,17,"1,260",9.8,0
Primary and Secondary Syphilis,2015,Illinois,17,"1,085",8.4,0
Gonorrhea,2019,Illinois,17,"29,272",231,0
Gonorrhea,2018,Illinois,17,"25,422",199.8,0
Gonorrhea,2017,Illinois,17,"23,859",186.7,0
Gonorrhea,2016,Illinois,17,"21,199",165.4,0
Gonorrhea,2015,Illinois,17,"17,130",133.2,0
"Early Non-Primary, Non-Secondary Syphilis",2019,Illinois,17,"1,345",10.6,0
"Early Non-Primary, Non-Secondary Syphilis",2018,Illinois,17,"1,464",11.5,0
"Early Non-Primary, Non-Secondary Syphilis",2017,Illinois,17,"1,192",9.3,0
"Early Non-Primary, Non-Secondary Syphilis",2016,Illinois,17,"1,138",8.9,0
"Early Non-Primary, Non-Secondary Syphilis",2015,Illinois,17,889,6.9,0
Congenital Syphilis,2019,Illinois,17,32,22.8,0
Congenital Syphilis,2018,Illinois,17,30,20.7,0
Congenital Syphilis,2017,Illinois,17,22,14.7,0
Congenital Syphilis,2016,Illinois,17,18,11.7,0
Congenital Syphilis,2015,Illinois,17,31,19.6,0
Chlamydia,2019,Illinois,17,"81,012",639.3,0
Chlamydia,2018,Illinois,17,"77,325",607.8,0
Chlamydia,2017,Illinois,17,"75,518",591,0
Chlamydia,2016,Illinois,17,"72,201",563.2,0
Chlamydia,2015,Illinois,17,"69,610",541.3,0
Primary and Secondary Syphilis,2019,Indiana,18,336,5,1
Primary and Secondary Syphilis,2018,Indiana,18,367,5.5,1
Primary and Secondary Syphilis,2017,Indiana,18,319,4.8,1
Primary and Secondary Syphilis,2016,Indiana,18,326,4.9,1
Primary and Secondary Syphilis,2015,Indiana,18,285,4.3,1
Gonorrhea,2019,Indiana,18,"11,926",177.1,1
Gonorrhea,2018,Indiana,18,"12,193",182.1,1
Gonorrhea,2017,Indiana,18,"11,835",177.8,1
Gonorrhea,2016,Indiana,18,"9,451",142.5,1
Gonorrhea,2015,Indiana,18,"7,843",118.7,1
"Early Non-Primary, Non-Secondary Syphilis",2019,Indiana,18,326,4.8,1
"Early Non-Primary, Non-Secondary Syphilis",2018,Indiana,18,359,5.4,1
"Early Non-Primary, Non-Secondary Syphilis",2017,Indiana,18,250,3.8,1
"Early Non-Primary, Non-Secondary Syphilis",2016,Indiana,18,247,3.7,1
"Early Non-Primary, Non-Secondary Syphilis",2015,Indiana,18,220,3.3,1
Congenital Syphilis,2019,Indiana,18,13,16.1,1
Congenital Syphilis,2018,Indiana,18,1,1.2,1
Congenital Syphilis,2017,Indiana,18,8,9.7,1
Congenital Syphilis,2016,Indiana,18,8,9.6,1
Congenital Syphilis,2015,Indiana,18,5,5.9,1
Chlamydia,2019,Indiana,18,"35,430",526.3,1
Chlamydia,2018,Indiana,18,"34,926",521.6,1
Chlamydia,2017,Indiana,18,"34,278",514.8,1
Chlamydia,2016,Indiana,18,"30,847",465,1
Chlamydia,2015,Indiana,18,"28,886",437.1,1
Primary and Secondary Syphilis,2019,Iowa,19,132,4.2,0
Primary and Secondary Syphilis,2018,Iowa,19,86,2.7,0
Primary and Secondary Syphilis,2017,Iowa,19,101,3.2,0
Primary and Secondary Syphilis,2016,Iowa,19,89,2.8,0
Primary and Secondary Syphilis,2015,Iowa,19,75,2.4,0
Gonorrhea,2019,Iowa,19,"5,309",168.3,0
Gonorrhea,2018,Iowa,19,"4,839",153.7,0
Gonorrhea,2017,Iowa,19,"3,758",119.6,0
Gonorrhea,2016,Iowa,19,"2,600",83,0
Gonorrhea,2015,Iowa,19,"2,247",72,0
"Early Non-Primary, Non-Secondary Syphilis",2019,Iowa,19,100,3.2,0
"Early Non-Primary, Non-Secondary Syphilis",2018,Iowa,19,85,2.7,0
"Early Non-Primary, Non-Secondary Syphilis",2017,Iowa,19,91,2.9,0
"Early Non-Primary, Non-Secondary Syphilis",2016,Iowa,19,59,1.9,0
"Early Non-Primary, Non-Secondary Syphilis",2015,Iowa,19,69,2.2,0
Congenital Syphilis,2019,Iowa,19,1,2.7,0
Congenital Syphilis,2018,Iowa,19,3,7.9,0
Congenital Syphilis,2017,Iowa,19,2,5.2,0
Congenital Syphilis,2016,Iowa,19,1,2.5,0
Congenital Syphilis,2015,Iowa,19,0,0,0
Chlamydia,2019,Iowa,19,"16,044",508.5,0
Chlamydia,2018,Iowa,19,"14,682",466.3,0
Chlamydia,2017,Iowa,19,"13,893",442.2,0
Chlamydia,2016,Iowa,19,"12,983",414.6,0
Chlamydia,2015,Iowa,19,"12,085",387.2,0
Primary and Secondary Syphilis,2019,Kansas,20,190,6.5,0
Primary and Secondary Syphilis,2018,Kansas,20,152,5.2,0
Primary and Secondary Syphilis,2017,Kansas,20,133,4.6,0
Primary and Secondary Syphilis,2016,Kansas,20,124,4.3,0
Primary and Secondary Syphilis,2015,Kansas,20,87,3,0
Gonorrhea,2019,Kansas,20,"4,948",169.8,0
Gonorrhea,2018,Kansas,20,"5,256",180.5,0
Gonorrhea,2017,Kansas,20,"4,545",156.3,0
Gonorrhea,2016,Kansas,20,"3,353",115.2,0
Gonorrhea,2015,Kansas,20,"2,536",87.2,0
"Early Non-Primary, Non-Secondary Syphilis",2019,Kansas,20,282,9.7,0
"Early Non-Primary, Non-Secondary Syphilis",2018,Kansas,20,291,10,0
"Early Non-Primary, Non-Secondary Syphilis",2017,Kansas,20,202,6.9,0
"Early Non-Primary, Non-Secondary Syphilis",2016,Kansas,20,178,6.1,0
"Early Non-Primary, Non-Secondary Syphilis",2015,Kansas,20,153,5.3,0
Congenital Syphilis,2019,Kansas,20,9,25.4,0
Congenital Syphilis,2018,Kansas,20,8,22.1,0
Congenital Syphilis,2017,Kansas,20,1,2.7,0
Congenital Syphilis,2016,Kansas,20,2,5.3,0
Congenital Syphilis,2015,Kansas,20,0,0,0
Chlamydia,2019,Kansas,20,"15,286",524.7,0
Chlamydia,2018,Kansas,20,"14,231",488.8,0
Chlamydia,2017,Kansas,20,"13,554",466,0
Chlamydia,2016,Kansas,20,"12,160",417.7,0
Chlamydia,2015,Kansas,20,"11,464",394.1,0
Primary and Secondary Syphilis,2019,Kentucky,21,438,9.8,1
Primary and Secondary Syphilis,2018,Kentucky,21,366,8.2,1
Primary and Secondary Syphilis,2017,Kentucky,21,262,5.9,1
Primary and Secondary Syphilis,2016,Kentucky,21,219,4.9,1
Primary and Secondary Syphilis,2015,Kentucky,21,145,3.3,1
Gonorrhea,2019,Kentucky,21,"7,379",165.2,1
Gonorrhea,2018,Kentucky,21,"7,470",167.4,1
Gonorrhea,2017,Kentucky,21,"7,417",166.6,1
Gonorrhea,2016,Kentucky,21,"5,812",131,1
Gonorrhea,2015,Kentucky,21,"4,678",105.7,1
"Early Non-Primary, Non-Secondary Syphilis",2019,Kentucky,21,395,8.8,1
"Early Non-Primary, Non-Secondary Syphilis",2018,Kentucky,21,294,6.6,1
"Early Non-Primary, Non-Secondary Syphilis",2017,Kentucky,21,236,5.3,1
"Early Non-Primary, Non-Secondary Syphilis",2016,Kentucky,21,189,4.3,1
"Early Non-Primary, Non-Secondary Syphilis",2015,Kentucky,21,164,3.7,1
Congenital Syphilis,2019,Kentucky,21,9,17,1
Congenital Syphilis,2018,Kentucky,21,9,16.7,1
Congenital Syphilis,2017,Kentucky,21,6,11,1
Congenital Syphilis,2016,Kentucky,21,5,9,1
Congenital Syphilis,2015,Kentucky,21,1,1.8,1
Chlamydia,2019,Kentucky,21,"20,911",468.1,1
Chlamydia,2018,Kentucky,21,"19,440",435.8,1
Chlamydia,2017,Kentucky,21,"19,320",433.9,1
Chlamydia,2016,Kentucky,21,"18,286",412,1
Chlamydia,2015,Kentucky,21,"17,444",394.1,1
Primary and Secondary Syphilis,2019,Louisiana,22,700,15.1,1
Primary and Secondary Syphilis,2018,Louisiana,22,669,14.4,1
Primary and Secondary Syphilis,2017,Louisiana,22,679,14.5,1
Primary and Secondary Syphilis,2016,Louisiana,22,750,16,1
Primary and Secondary Syphilis,2015,Louisiana,22,696,14.9,1
Gonorrhea,2019,Louisiana,22,"12,800",275.3,1
Gonorrhea,2018,Louisiana,22,"12,043",258.5,1
Gonorrhea,2017,Louisiana,22,"12,017",257.3,1
Gonorrhea,2016,Louisiana,22,"10,782",230.5,1
Gonorrhea,2015,Louisiana,22,"10,282",220.4,1
"Early Non-Primary, Non-Secondary Syphilis",2019,Louisiana,22,576,12.4,1
"Early Non-Primary, Non-Secondary Syphilis",2018,Louisiana,22,576,12.4,1
"Early Non-Primary, Non-Secondary Syphilis",2017,Louisiana,22,623,13.3,1
"Early Non-Primary, Non-Secondary Syphilis",2016,Louisiana,22,568,12.1,1
"Early Non-Primary, Non-Secondary Syphilis",2015,Louisiana,22,439,9.4,1
Congenital Syphilis,2019,Louisiana,22,68,115.4,1
Congenital Syphilis,2018,Louisiana,22,43,72.1,1
Congenital Syphilis,2017,Louisiana,22,57,93.4,1
Congenital Syphilis,2016,Louisiana,22,47,74.4,1
Congenital Syphilis,2015,Louisiana,22,54,83.5,1
Chlamydia,2019,Louisiana,22,"36,131",777.2,1
Chlamydia,2018,Louisiana,22,"36,293",778.9,1
Chlamydia,2017,Louisiana,22,"34,756",744.2,1
Chlamydia,2016,Louisiana,22,"31,727",678.2,1
Chlamydia,2015,Louisiana,22,"32,325",693,1
Primary and Secondary Syphilis,2019,Maine,23,55,4.1,0
Primary and Secondary Syphilis,2018,Maine,23,74,5.5,0
Primary and Secondary Syphilis,2017,Maine,23,65,4.9,0
Primary and Secondary Syphilis,2016,Maine,23,42,3.2,0
Primary and Secondary Syphilis,2015,Maine,23,28,2.1,0
Gonorrhea,2019,Maine,23,547,40.7,0
Gonorrhea,2018,Maine,23,710,53,0
Gonorrhea,2017,Maine,23,620,46.5,0
Gonorrhea,2016,Maine,23,451,33.9,0
Gonorrhea,2015,Maine,23,417,31.4,0
"Early Non-Primary, Non-Secondary Syphilis",2019,Maine,23,53,3.9,0
"Early Non-Primary, Non-Secondary Syphilis",2018,Maine,23,43,3.2,0
"Early Non-Primary, Non-Secondary Syphilis",2017,Maine,23,36,2.7,0
"Early Non-Primary, Non-Secondary Syphilis",2016,Maine,23,6,0.5,0
"Early Non-Primary, Non-Secondary Syphilis",2015,Maine,23,10,0.8,0
Congenital Syphilis,2019,Maine,23,0,0,0
Congenital Syphilis,2018,Maine,23,0,0,0
Congenital Syphilis,2017,Maine,23,0,0,0
Congenital Syphilis,2016,Maine,23,0,0,0
Congenital Syphilis,2015,Maine,23,0,0,0
Chlamydia,2019,Maine,23,"3,989",296.8,0
Chlamydia,2018,Maine,23,"4,345",324.5,0
Chlamydia,2017,Maine,23,"4,555",341.3,0
Chlamydia,2016,Maine,23,"4,156",312.2,0
Chlamydia,2015,Maine,23,"3,965",298.5,0
Primary and Secondary Syphilis,2019,Maryland,24,868,14.4,0
Primary and Secondary Syphilis,2018,Maryland,24,737,12.2,0
Primary and Secondary Syphilis,2017,Maryland,24,573,9.5,0
Primary and Secondary Syphilis,2016,Maryland,24,509,8.5,0
Primary and Secondary Syphilis,2015,Maryland,24,509,8.5,0
Gonorrhea,2019,Maryland,24,"11,598",191.8,0
Gonorrhea,2018,Maryland,24,"10,305",170.7,0
Gonorrhea,2017,Maryland,24,"10,978",182.2,0
Gonorrhea,2016,Maryland,24,"9,523",158.6,0
Gonorrhea,2015,Maryland,24,"6,858",114.6,0
"Early Non-Primary, Non-Secondary Syphilis",2019,Maryland,24,991,16.4,0
"Early Non-Primary, Non-Secondary Syphilis",2018,Maryland,24,857,14.2,0
"Early Non-Primary, Non-Secondary Syphilis",2017,Maryland,24,683,11.3,0
"Early Non-Primary, Non-Secondary Syphilis",2016,Maryland,24,598,10,0
"Early Non-Primary, Non-Secondary Syphilis",2015,Maryland,24,594,9.9,0
Congenital Syphilis,2019,Maryland,24,32,45.6,0
Congenital Syphilis,2018,Maryland,24,29,40.8,0
Congenital Syphilis,2017,Maryland,24,20,27.9,0
Congenital Syphilis,2016,Maryland,24,16,21.9,0
Congenital Syphilis,2015,Maryland,24,18,24.5,0
Chlamydia,2019,Maryland,24,"37,779",624.9,0
Chlamydia,2018,Maryland,24,"35,482",587.9,0
Chlamydia,2017,Maryland,24,"33,416",554.7,0
Chlamydia,2016,Maryland,24,"30,658",510.7,0
Chlamydia,2015,Maryland,24,"27,450",458.6,0
Primary and Secondary Syphilis,2019,Massachusetts,25,610,8.9,0
Primary and Secondary Syphilis,2018,Massachusetts,25,552,8,0
Primary and Secondary Syphilis,2017,Massachusetts,25,538,7.8,0
Primary and Secondary Syphilis,2016,Massachusetts,25,489,7.2,0
Primary and Secondary Syphilis,2015,Massachusetts,25,418,6.2,0
Gonorrhea,2019,Massachusetts,25,"7,396",107.3,0
Gonorrhea,2018,Massachusetts,25,"8,076",117.3,0
Gonorrhea,2017,Massachusetts,25,"7,737",112.8,0
Gonorrhea,2016,Massachusetts,25,"4,980",73,0
Gonorrhea,2015,Massachusetts,25,"3,817",56.2,0
"Early Non-Primary, Non-Secondary Syphilis",2019,Massachusetts,25,625,9.1,0
"Early Non-Primary, Non-Secondary Syphilis",2018,Massachusetts,25,620,9,0
"Early Non-Primary, Non-Secondary Syphilis",2017,Massachusetts,25,549,8,0
"Early Non-Primary, Non-Secondary Syphilis",2016,Massachusetts,25,538,7.9,0
"Early Non-Primary, Non-Secondary Syphilis",2015,Massachusetts,25,355,5.2,0
Congenital Syphilis,2019,Massachusetts,25,9,13,0
Congenital Syphilis,2018,Massachusetts,25,0,0,0
Congenital Syphilis,2017,Massachusetts,25,0,0,0
Congenital Syphilis,2016,Massachusetts,25,3,4.2,0
Congenital Syphilis,2015,Massachusetts,25,4,5.6,0
Chlamydia,2019,Massachusetts,25,"31,622",458.8,0
Chlamydia,2018,Massachusetts,25,"30,460",442.6,0
Chlamydia,2017,Massachusetts,25,"29,315",427.3,0
Chlamydia,2016,Massachusetts,25,"26,807",392.9,0
Chlamydia,2015,Massachusetts,25,"24,100",354.7,0
Primary and Secondary Syphilis,2019,Michigan,26,678,6.8,1
Primary and Secondary Syphilis,2018,Michigan,26,649,6.5,1
Primary and Secondary Syphilis,2017,Michigan,26,480,4.8,1
Primary and Secondary Syphilis,2016,Michigan,26,365,3.7,1
Primary and Secondary Syphilis,2015,Michigan,26,403,4.1,1
Gonorrhea,2019,Michigan,26,"18,150",181.7,1
Gonorrhea,2018,Michigan,26,"16,688",167.1,1
Gonorrhea,2017,Michigan,26,"15,742",157.8,1
Gonorrhea,2016,Michigan,26,"12,450",125.1,1
Gonorrhea,2015,Michigan,26,"10,330",104,1
"Early Non-Primary, Non-Secondary Syphilis",2019,Michigan,26,558,5.6,1
"Early Non-Primary, Non-Secondary Syphilis",2018,Michigan,26,407,4.1,1
"Early Non-Primary, Non-Secondary Syphilis",2017,Michigan,26,330,3.3,1
"Early Non-Primary, Non-Secondary Syphilis",2016,Michigan,26,290,2.9,1
"Early Non-Primary, Non-Secondary Syphilis",2015,Michigan,26,282,2.8,1
Congenital Syphilis,2019,Michigan,26,17,15.8,1
Congenital Syphilis,2018,Michigan,26,14,12.7,1
Congenital Syphilis,2017,Michigan,26,10,9,1
Congenital Syphilis,2016,Michigan,26,13,11.5,1
Congenital Syphilis,2015,Michigan,26,11,9.7,1
Chlamydia,2019,Michigan,26,"50,104",501.7,1
Chlamydia,2018,Michigan,26,"50,592",506.7,1
Chlamydia,2017,Michigan,26,"50,595",507.3,1
Chlamydia,2016,Michigan,26,"45,936",461.6,1
Chlamydia,2015,Michigan,26,"46,486",468.1,1
Primary and Secondary Syphilis,2019,Minnesota,27,385,6.8,1
Primary and Secondary Syphilis,2018,Minnesota,27,292,5.2,1
Primary and Secondary Syphilis,2017,Minnesota,27,292,5.2,1
Primary and Secondary Syphilis,2016,Minnesota,27,306,5.5,1
Primary and Secondary Syphilis,2015,Minnesota,27,246,4.5,1
Gonorrhea,2019,Minnesota,27,"8,013",142.1,1
Gonorrhea,2018,Minnesota,27,"7,542",134.5,1
Gonorrhea,2017,Minnesota,27,"6,519",117.1,1
Gonorrhea,2016,Minnesota,27,"5,104",92.4,1
Gonorrhea,2015,Minnesota,27,"4,097",74.7,1
"Early Non-Primary, Non-Secondary Syphilis",2019,Minnesota,27,367,6.5,1
"Early Non-Primary, Non-Secondary Syphilis",2018,Minnesota,27,286,5.1,1
"Early Non-Primary, Non-Secondary Syphilis",2017,Minnesota,27,313,5.6,1
"Early Non-Primary, Non-Secondary Syphilis",2016,Minnesota,27,251,4.5,1
"Early Non-Primary, Non-Secondary Syphilis",2015,Minnesota,27,185,3.4,1
Congenital Syphilis,2019,Minnesota,27,21,31.8,1
Congenital Syphilis,2018,Minnesota,27,10,14.8,1
Congenital Syphilis,2017,Minnesota,27,2,2.9,1
Congenital Syphilis,2016,Minnesota,27,7,10,1
Congenital Syphilis,2015,Minnesota,27,2,2.9,1
Chlamydia,2019,Minnesota,27,"24,470",433.9,1
Chlamydia,2018,Minnesota,27,"23,569",420.4,1
Chlamydia,2017,Minnesota,27,"23,539",422.9,1
Chlamydia,2016,Minnesota,27,"22,685",410.8,1
Chlamydia,2015,Minnesota,27,"21,243",387.5,1
Primary and Secondary Syphilis,2019,Mississippi,28,690,23.2,1
Primary and Secondary Syphilis,2018,Mississippi,28,464,15.6,1
Primary and Secondary Syphilis,2017,Mississippi,28,310,10.4,1
Primary and Secondary Syphilis,2016,Mississippi,28,326,10.9,1
Primary and Secondary Syphilis,2015,Mississippi,28,219,7.3,1
Gonorrhea,2019,Mississippi,28,"12,068",405.5,1
Gonorrhea,2018,Mississippi,28,"9,749",327,1
Gonorrhea,2017,Mississippi,28,"9,258",309.8,1
Gonorrhea,2016,Mississippi,28,"7,157",239.5,1
Gonorrhea,2015,Mississippi,28,"5,775",193.2,1
"Early Non-Primary, Non-Secondary Syphilis",2019,Mississippi,28,"1,222",41.1,1
"Early Non-Primary, Non-Secondary Syphilis",2018,Mississippi,28,937,31.4,1
"Early Non-Primary, Non-Secondary Syphilis",2017,Mississippi,28,555,18.6,1
"Early Non-Primary, Non-Secondary Syphilis",2016,Mississippi,28,490,16.4,1
"Early Non-Primary, Non-Secondary Syphilis",2015,Mississippi,28,405,13.6,1
Congenital Syphilis,2019,Mississippi,28,3,8.2,1
Congenital Syphilis,2018,Mississippi,28,3,8.1,1
Congenital Syphilis,2017,Mississippi,28,1,2.7,1
Congenital Syphilis,2016,Mississippi,28,2,5.3,1
Congenital Syphilis,2015,Mississippi,28,0,0,1
Chlamydia,2019,Mississippi,28,"25,303",850.2,1
Chlamydia,2018,Mississippi,28,"22,086",740.9,1
Chlamydia,2017,Mississippi,28,"21,149",707.7,1
Chlamydia,2016,Mississippi,28,"20,112",673.1,1
Chlamydia,2015,Mississippi,28,"17,371",581.3,1
Primary and Secondary Syphilis,2019,Missouri,29,817,13.3,1
Primary and Secondary Syphilis,2018,Missouri,29,806,13.2,1
Primary and Secondary Syphilis,2017,Missouri,29,507,8.3,1
Primary and Secondary Syphilis,2016,Missouri,29,400,6.6,1
Primary and Secondary Syphilis,2015,Missouri,29,307,5.1,1
Gonorrhea,2019,Missouri,29,"15,585",253.9,1
Gonorrhea,2018,Missouri,29,"15,090",246.5,1
Gonorrhea,2017,Missouri,29,"13,086",214.3,1
Gonorrhea,2016,Missouri,29,"11,479",188.6,1
Gonorrhea,2015,Missouri,29,"8,942",147.3,1
"Early Non-Primary, Non-Secondary Syphilis",2019,Missouri,29,647,10.5,1
"Early Non-Primary, Non-Secondary Syphilis",2018,Missouri,29,546,8.9,1
"Early Non-Primary, Non-Secondary Syphilis",2017,Missouri,29,423,6.9,1
"Early Non-Primary, Non-Secondary Syphilis",2016,Missouri,29,276,4.5,1
"Early Non-Primary, Non-Secondary Syphilis",2015,Missouri,29,247,4.1,1
Congenital Syphilis,2019,Missouri,29,18,25,1
Congenital Syphilis,2018,Missouri,29,18,24.6,1
Congenital Syphilis,2017,Missouri,29,10,13.7,1
Congenital Syphilis,2016,Missouri,29,8,10.7,1
Congenital Syphilis,2015,Missouri,29,4,5.3,1
Chlamydia,2019,Missouri,29,"34,416",560.8,1
Chlamydia,2018,Missouri,29,"34,728",567.3,1
Chlamydia,2017,Missouri,29,"32,683",535.2,1
Chlamydia,2016,Missouri,29,"30,843",506.7,1
Chlamydia,2015,Missouri,29,"28,948",476.8,1
Primary and Secondary Syphilis,2019,Montana,30,67,6.3,1
Primary and Secondary Syphilis,2018,Montana,30,45,4.2,1
Primary and Secondary Syphilis,2017,Montana,30,48,4.6,1
Primary and Secondary Syphilis,2016,Montana,30,14,1.3,1
Primary and Secondary Syphilis,2015,Montana,30,13,1.3,1
Gonorrhea,2019,Montana,30,"1,595",149.2,1
Gonorrhea,2018,Montana,30,"1,181",111.3,1
Gonorrhea,2017,Montana,30,782,74.3,1
Gonorrhea,2016,Montana,30,867,83.3,1
Gonorrhea,2015,Montana,30,844,81.9,1
"Early Non-Primary, Non-Secondary Syphilis",2019,Montana,30,25,2.3,1
"Early Non-Primary, Non-Secondary Syphilis",2018,Montana,30,25,2.4,1
"Early Non-Primary, Non-Secondary Syphilis",2017,Montana,30,23,2.2,1
"Early Non-Primary, Non-Secondary Syphilis",2016,Montana,30,6,0.6,1
"Early Non-Primary, Non-Secondary Syphilis",2015,Montana,30,5,0.5,1
Congenital Syphilis,2019,Montana,30,1,9,1
Congenital Syphilis,2018,Montana,30,0,0,1
Congenital Syphilis,2017,Montana,30,1,8.5,1
Congenital Syphilis,2016,Montana,30,0,0,1
Congenital Syphilis,2015,Montana,30,0,0,1
Chlamydia,2019,Montana,30,"4,753",444.7,1
Chlamydia,2018,Montana,30,"4,917",463.6,1
Chlamydia,2017,Montana,30,"4,560",433.3,1
Chlamydia,2016,Montana,30,"4,416",424.3,1
Chlamydia,2015,Montana,30,"4,184",406,1
Primary and Secondary Syphilis,2019,Nebraska,31,136,7,0
Primary and Secondary Syphilis,2018,Nebraska,31,119,6.2,0
Primary and Secondary Syphilis,2017,Nebraska,31,43,2.2,0
Primary and Secondary Syphilis,2016,Nebraska,31,67,3.5,0
Primary and Secondary Syphilis,2015,Nebraska,31,45,2.4,0
Gonorrhea,2019,Nebraska,31,"2,967",153.4,0
Gonorrhea,2018,Nebraska,31,"2,696",140,0
Gonorrhea,2017,Nebraska,31,"2,653",138.5,0
Gonorrhea,2016,Nebraska,31,"2,156",113.1,0
Gonorrhea,2015,Nebraska,31,"1,703",90,0
"Early Non-Primary, Non-Secondary Syphilis",2019,Nebraska,31,46,2.4,0
"Early Non-Primary, Non-Secondary Syphilis",2018,Nebraska,31,37,1.9,0
"Early Non-Primary, Non-Secondary Syphilis",2017,Nebraska,31,26,1.4,0
"Early Non-Primary, Non-Secondary Syphilis",2016,Nebraska,31,19,1,0
"Early Non-Primary, Non-Secondary Syphilis",2015,Nebraska,31,5,0.3,0
Congenital Syphilis,2019,Nebraska,31,0,0,0
Congenital Syphilis,2018,Nebraska,31,0,0,0
Congenital Syphilis,2017,Nebraska,31,1,3.9,0
Congenital Syphilis,2016,Nebraska,31,1,3.8,0
Congenital Syphilis,2015,Nebraska,31,0,0,0
Chlamydia,2019,Nebraska,31,"9,291",480.3,0
Chlamydia,2018,Nebraska,31,"8,026",416.8,0
Chlamydia,2017,Nebraska,31,"8,595",448.6,0
Chlamydia,2016,Nebraska,31,"8,197",430.1,0
Chlamydia,2015,Nebraska,31,"7,956",420.7,0
Primary and Secondary Syphilis,2019,Nevada,32,808,26.2,0
Primary and Secondary Syphilis,2018,Nevada,32,682,22.5,0
Primary and Secondary Syphilis,2017,Nevada,32,587,19.8,0
Primary and Secondary Syphilis,2016,Nevada,32,444,15.2,0
Primary and Secondary Syphilis,2015,Nevada,32,335,11.7,0
Gonorrhea,2019,Nevada,32,"6,519",211.6,0
Gonorrhea,2018,Nevada,32,"6,475",213.9,0
Gonorrhea,2017,Nevada,32,"5,520",185.9,0
Gonorrhea,2016,Nevada,32,"4,380",150.1,0
Gonorrhea,2015,Nevada,32,"3,630",126.6,0
"Early Non-Primary, Non-Secondary Syphilis",2019,Nevada,32,522,16.9,0
"Early Non-Primary, Non-Secondary Syphilis",2018,Nevada,32,512,16.9,0
"Early Non-Primary, Non-Secondary Syphilis",2017,Nevada,32,498,16.8,0
"Early Non-Primary, Non-Secondary Syphilis",2016,Nevada,32,510,17.5,0
"Early Non-Primary, Non-Secondary Syphilis",2015,Nevada,32,439,15.3,0
Congenital Syphilis,2019,Nevada,32,41,116.9,0
Congenital Syphilis,2018,Nevada,32,31,86.9,0
Congenital Syphilis,2017,Nevada,32,24,67.1,0
Congenital Syphilis,2016,Nevada,32,12,33.1,0
Congenital Syphilis,2015,Nevada,32,8,22,0
Chlamydia,2019,Nevada,32,"17,827",578.8,0
Chlamydia,2018,Nevada,32,"17,508",578.3,0
Chlamydia,2017,Nevada,32,"16,260",547.5,0
Chlamydia,2016,Nevada,32,"14,649",502.1,0
Chlamydia,2015,Nevada,32,"12,925",450.8,0
Primary and Secondary Syphilis,2019,New Hampshire,33,47,3.5,0
Primary and Secondary Syphilis,2018,New Hampshire,33,64,4.7,0
Primary and Secondary Syphilis,2017,New Hampshire,33,43,3.2,0
Primary and Secondary Syphilis,2016,New Hampshire,33,40,3,0
Primary and Secondary Syphilis,2015,New Hampshire,33,40,3,0
Gonorrhea,2019,New Hampshire,33,410,30.2,0
Gonorrhea,2018,New Hampshire,33,594,43.9,0
Gonorrhea,2017,New Hampshire,33,513,38,0
Gonorrhea,2016,New Hampshire,33,456,34,0
Gonorrhea,2015,New Hampshire,33,245,18.3,0
"Early Non-Primary, Non-Secondary Syphilis",2019,New Hampshire,33,49,3.6,0
"Early Non-Primary, Non-Secondary Syphilis",2018,New Hampshire,33,41,3,0
"Early Non-Primary, Non-Secondary Syphilis",2017,New Hampshire,33,37,2.7,0
"Early Non-Primary, Non-Secondary Syphilis",2016,New Hampshire,33,33,2.5,0
"Early Non-Primary, Non-Secondary Syphilis",2015,New Hampshire,33,16,1.2,0
Congenital Syphilis,2019,New Hampshire,33,2,16.9,0
Congenital Syphilis,2018,New Hampshire,33,1,8.3,0
Congenital Syphilis,2017,New Hampshire,33,0,0,0
Congenital Syphilis,2016,New Hampshire,33,0,0,0
Congenital Syphilis,2015,New Hampshire,33,0,0,0
Chlamydia,2019,New Hampshire,33,"3,577",263.1,0
Chlamydia,2018,New Hampshire,33,"3,734",275.9,0
Chlamydia,2017,New Hampshire,33,"4,412",327.1,0
Chlamydia,2016,New Hampshire,33,"3,467",258.3,0
Chlamydia,2015,New Hampshire,33,"3,095",231.6,0
Primary and Secondary Syphilis,2019,New Jersey,34,631,7.1,0
Primary and Secondary Syphilis,2018,New Jersey,34,570,6.4,0
Primary and Secondary Syphilis,2017,New Jersey,34,499,5.6,0
Primary and Secondary Syphilis,2016,New Jersey,34,472,5.3,0
Primary and Secondary Syphilis,2015,New Jersey,34,372,4.2,0
Gonorrhea,2019,New Jersey,34,"9,622",108.3,0
Gonorrhea,2018,New Jersey,34,"9,067",102,0
Gonorrhea,2017,New Jersey,34,"9,439",106.2,0
Gonorrhea,2016,New Jersey,34,"8,162",92,0
Gonorrhea,2015,New Jersey,34,"7,228",81.5,0
"Early Non-Primary, Non-Secondary Syphilis",2019,New Jersey,34,827,9.3,0
"Early Non-Primary, Non-Secondary Syphilis",2018,New Jersey,34,788,8.9,0
"Early Non-Primary, Non-Secondary Syphilis",2017,New Jersey,34,865,9.7,0
"Early Non-Primary, Non-Secondary Syphilis",2016,New Jersey,34,755,8.5,0
"Early Non-Primary, Non-Secondary Syphilis",2015,New Jersey,34,714,8.1,0
Congenital Syphilis,2019,New Jersey,34,15,15.1,0
Congenital Syphilis,2018,New Jersey,34,13,12.8,0
Congenital Syphilis,2017,New Jersey,34,14,13.8,0
Congenital Syphilis,2016,New Jersey,34,12,11.7,0
Congenital Syphilis,2015,New Jersey,34,0,0,0
Chlamydia,2019,New Jersey,34,"37,591",423.2,0
Chlamydia,2018,New Jersey,34,"36,514",410.9,0
Chlamydia,2017,New Jersey,34,"35,239",396.6,0
Chlamydia,2016,New Jersey,34,"34,519",389.1,0
Chlamydia,2015,New Jersey,34,"31,337",353.4,0
Primary and Secondary Syphilis,2019,New Mexico,35,511,24.4,0
Primary and Secondary Syphilis,2018,New Mexico,35,304,14.5,0
Primary and Secondary Syphilis,2017,New Mexico,35,193,9.2,0
Primary and Secondary Syphilis,2016,New Mexico,35,189,9,0
Primary and Secondary Syphilis,2015,New Mexico,35,118,5.6,0
Gonorrhea,2019,New Mexico,35,"4,886",233,0
Gonorrhea,2018,New Mexico,35,"5,268",251.7,0
Gonorrhea,2017,New Mexico,35,"4,489",214.6,0
Gonorrhea,2016,New Mexico,35,"3,516",168.1,0
Gonorrhea,2015,New Mexico,35,"2,489",119.1,0
"Early Non-Primary, Non-Secondary Syphilis",2019,New Mexico,35,203,9.7,0
"Early Non-Primary, Non-Secondary Syphilis",2018,New Mexico,35,161,7.7,0
"Early Non-Primary, Non-Secondary Syphilis",2017,New Mexico,35,120,5.7,0
"Early Non-Primary, Non-Secondary Syphilis",2016,New Mexico,35,118,5.6,0
"Early Non-Primary, Non-Secondary Syphilis",2015,New Mexico,35,71,3.4,0
Congenital Syphilis,2019,New Mexico,35,28,122,0
Congenital Syphilis,2018,New Mexico,35,10,43.4,0
Congenital Syphilis,2017,New Mexico,35,1,4.2,0
Congenital Syphilis,2016,New Mexico,35,3,12.1,0
Congenital Syphilis,2015,New Mexico,35,2,7.7,0
Chlamydia,2019,New Mexico,35,"14,283",681.2,0
Chlamydia,2018,New Mexico,35,"14,000",669,0
Chlamydia,2017,New Mexico,35,"13,560",648.3,0
Chlamydia,2016,New Mexico,35,"13,108",626.7,0
Chlamydia,2015,New Mexico,35,"12,632",604.6,0
Primary and Secondary Syphilis,2019,New York,36,"2,865",14.7,0
Primary and Secondary Syphilis,2018,New York,36,"2,654",13.6,0
Primary and Secondary Syphilis,2017,New York,36,"2,355",12,0
Primary and Secondary Syphilis,2016,New York,36,"2,455",12.5,0
Primary and Secondary Syphilis,2015,New York,36,"2,006",10.2,0
Gonorrhea,2019,New York,36,"40,901",210.2,0
Gonorrhea,2018,New York,36,"37,262",190.8,0
Gonorrhea,2017,New York,36,"34,099",174.1,0
Gonorrhea,2016,New York,36,"29,000",147.7,0
Gonorrhea,2015,New York,36,"25,561",130.1,0
"Early Non-Primary, Non-Secondary Syphilis",2019,New York,36,"4,376",22.5,0
"Early Non-Primary, Non-Secondary Syphilis",2018,New York,36,"4,097",21,0
"Early Non-Primary, Non-Secondary Syphilis",2017,New York,36,"3,914",20,0
"Early Non-Primary, Non-Secondary Syphilis",2016,New York,36,"3,504",17.8,0
"Early Non-Primary, Non-Secondary Syphilis",2015,New York,36,"2,802",14.3,0
Congenital Syphilis,2019,New York,36,27,12.2,0
Congenital Syphilis,2018,New York,36,28,12.4,0
Congenital Syphilis,2017,New York,36,16,7,0
Congenital Syphilis,2016,New York,36,13,5.5,0
Congenital Syphilis,2015,New York,36,12,5.1,0
Chlamydia,2019,New York,36,"124,622",640.6,0
Chlamydia,2018,New York,36,"119,571",612.2,0
Chlamydia,2017,New York,36,"116,814",596.3,0
Chlamydia,2016,New York,36,"109,433",557.4,0
Chlamydia,2015,New York,36,"103,615",527.2,0
Primary and Secondary Syphilis,2019,North Carolina,37,"1,122",10.7,0
Primary and Secondary Syphilis,2018,North Carolina,37,"1,098",10.6,0
Primary and Secondary Syphilis,2017,North Carolina,37,"1,138",11.1,0
Primary and Secondary Syphilis,2016,North Carolina,37,"1,082",10.7,0
Primary and Secondary Syphilis,2015,North Carolina,37,"1,196",11.9,0
Gonorrhea,2019,North Carolina,37,"26,377",251.5,0
Gonorrhea,2018,North Carolina,37,"23,725",228.5,0
Gonorrhea,2017,North Carolina,37,"22,871",222.7,0
Gonorrhea,2016,North Carolina,37,"19,687",193.9,0
Gonorrhea,2015,North Carolina,37,"19,809",197.5,0
"Early Non-Primary, Non-Secondary Syphilis",2019,North Carolina,37,989,9.4,0
"Early Non-Primary, Non-Secondary Syphilis",2018,North Carolina,37,797,7.7,0
"Early Non-Primary, Non-Secondary Syphilis",2017,North Carolina,37,771,7.5,0
"Early Non-Primary, Non-Secondary Syphilis",2016,North Carolina,37,799,7.9,0
"Early Non-Primary, Non-Secondary Syphilis",2015,North Carolina,37,753,7.5,0
Congenital Syphilis,2019,North Carolina,37,27,22.7,0
Congenital Syphilis,2018,North Carolina,37,19,16,0
Congenital Syphilis,2017,North Carolina,37,25,20.8,0
Congenital Syphilis,2016,North Carolina,37,18,14.9,0
Congenital Syphilis,2015,North Carolina,37,9,7.4,0
Chlamydia,2019,North Carolina,37,"70,257",669.9,0
Chlamydia,2018,North Carolina,37,"66,553",641.1,0
Chlamydia,2017,North Carolina,37,"62,876",612.3,0
Chlamydia,2016,North Carolina,37,"58,006",571.2,0
Chlamydia,2015,North Carolina,37,"64,376",641.7,0
Primary and Secondary Syphilis,2019,North Dakota,38,45,5.9,1
Primary and Secondary Syphilis,2018,North Dakota,38,41,5.4,1
Primary and Secondary Syphilis,2017,North Dakota,38,44,5.8,1
Primary and Secondary Syphilis,2016,North Dakota,38,33,4.4,1
Primary and Secondary Syphilis,2015,North Dakota,38,11,1.5,1
Gonorrhea,2019,North Dakota,38,"1,447",189.9,1
Gonorrhea,2018,North Dakota,38,"1,369",180.6,1
Gonorrhea,2017,North Dakota,38,966,128,1
Gonorrhea,2016,North Dakota,38,"1,000",132.5,1
Gonorrhea,2015,North Dakota,38,684,90.7,1
"Early Non-Primary, Non-Secondary Syphilis",2019,North Dakota,38,10,1.3,1
"Early Non-Primary, Non-Secondary Syphilis",2018,North Dakota,38,13,1.7,1
"Early Non-Primary, Non-Secondary Syphilis",2017,North Dakota,38,12,1.6,1
"Early Non-Primary, Non-Secondary Syphilis",2016,North Dakota,38,12,1.6,1
"Early Non-Primary, Non-Secondary Syphilis",2015,North Dakota,38,17,2.3,1
Congenital Syphilis,2019,North Dakota,38,0,0,1
Congenital Syphilis,2018,North Dakota,38,0,0,1
Congenital Syphilis,2017,North Dakota,38,0,0,1
Congenital Syphilis,2016,North Dakota,38,0,0,1
Congenital Syphilis,2015,North Dakota,38,0,0,1
Chlamydia,2019,North Dakota,38,"3,880",509.1,1
Chlamydia,2018,North Dakota,38,"3,525",465,1
Chlamydia,2017,North Dakota,38,"3,278",434.2,1
Chlamydia,2016,North Dakota,38,"3,455",458,1
Chlamydia,2015,North Dakota,38,"3,159",418.9,1
Primary and Secondary Syphilis,2019,Ohio,39,749,6.4,1
Primary and Secondary Syphilis,2018,Ohio,39,740,6.3,1
Primary and Secondary Syphilis,2017,Ohio,39,832,7.1,1
Primary and Secondary Syphilis,2016,Ohio,39,716,6.2,1
Primary and Secondary Syphilis,2015,Ohio,39,560,4.8,1
Gonorrhea,2019,Ohio,39,"26,065",223,1
Gonorrhea,2018,Ohio,39,"25,146",215.4,1
Gonorrhea,2017,Ohio,39,"23,967",205.6,1
Gonorrhea,2016,Ohio,39,"20,487",176.1,1
Gonorrhea,2015,Ohio,39,"16,564",142.6,1
"Early Non-Primary, Non-Secondary Syphilis",2019,Ohio,39,519,4.4,1
"Early Non-Primary, Non-Secondary Syphilis",2018,Ohio,39,481,4.1,1
"Early Non-Primary, Non-Secondary Syphilis",2017,Ohio,39,454,3.9,1
"Early Non-Primary, Non-Secondary Syphilis",2016,Ohio,39,389,3.3,1
"Early Non-Primary, Non-Secondary Syphilis",2015,Ohio,39,326,2.8,1
Congenital Syphilis,2019,Ohio,39,19,14.1,1
Congenital Syphilis,2018,Ohio,39,21,15.5,1
Congenital Syphilis,2017,Ohio,39,18,13.2,1
Congenital Syphilis,2016,Ohio,39,12,8.7,1
Congenital Syphilis,2015,Ohio,39,17,12.2,1
Chlamydia,2019,Ohio,39,"65,393",559.4,1
Chlamydia,2018,Ohio,39,"63,220",541.4,1
Chlamydia,2017,Ohio,39,"61,389",526.5,1
Chlamydia,2016,Ohio,39,"60,496",520,1
Chlamydia,2015,Ohio,39,"56,726",488.3,1
Primary and Secondary Syphilis,2019,Oklahoma,40,791,20,1
Primary and Secondary Syphilis,2018,Oklahoma,40,531,13.5,1
Primary and Secondary Syphilis,2017,Oklahoma,40,373,9.5,1
Primary and Secondary Syphilis,2016,Oklahoma,40,264,6.7,1
Primary and Secondary Syphilis,2015,Oklahoma,40,209,5.3,1
Gonorrhea,2019,Oklahoma,40,"10,491",265.1,1
Gonorrhea,2018,Oklahoma,40,"8,998",228.4,1
Gonorrhea,2017,Oklahoma,40,"9,081",231,1
Gonorrhea,2016,Oklahoma,40,"7,574",192.9,1
Gonorrhea,2015,Oklahoma,40,"6,542",167.3,1
"Early Non-Primary, Non-Secondary Syphilis",2019,Oklahoma,40,339,8.6,1
"Early Non-Primary, Non-Secondary Syphilis",2018,Oklahoma,40,342,8.7,1
"Early Non-Primary, Non-Secondary Syphilis",2017,Oklahoma,40,478,12.2,1
"Early Non-Primary, Non-Secondary Syphilis",2016,Oklahoma,40,339,8.6,1
"Early Non-Primary, Non-Secondary Syphilis",2015,Oklahoma,40,222,5.7,1
Congenital Syphilis,2019,Oklahoma,40,42,85.5,1
Congenital Syphilis,2018,Oklahoma,40,11,22.1,1
Congenital Syphilis,2017,Oklahoma,40,7,13.9,1
Congenital Syphilis,2016,Oklahoma,40,3,5.7,1
Congenital Syphilis,2015,Oklahoma,40,7,13.2,1
Chlamydia,2019,Oklahoma,40,"23,518",594.3,1
Chlamydia,2018,Oklahoma,40,"21,974",557.7,1
Chlamydia,2017,Oklahoma,40,"21,752",553.3,1
Chlamydia,2016,Oklahoma,40,"21,449",546.3,1
Chlamydia,2015,Oklahoma,40,"21,025",537.8,1
Primary and Secondary Syphilis,2019,Oregon,41,454,10.8,0
Primary and Secondary Syphilis,2018,Oregon,41,424,10.1,0
Primary and Secondary Syphilis,2017,Oregon,41,352,8.5,0
Primary and Secondary Syphilis,2016,Oregon,41,327,8,0
Primary and Secondary Syphilis,2015,Oregon,41,345,8.6,0
Gonorrhea,2019,Oregon,41,"6,130",145.3,0
Gonorrhea,2018,Oregon,41,"5,913",141.4,0
Gonorrhea,2017,Oregon,41,"5,022",121.2,0
Gonorrhea,2016,Oregon,41,"4,353",106.4,0
Gonorrhea,2015,Oregon,41,"3,232",80.5,0
"Early Non-Primary, Non-Secondary Syphilis",2019,Oregon,41,357,8.5,0
"Early Non-Primary, Non-Secondary Syphilis",2018,Oregon,41,299,7.1,0
"Early Non-Primary, Non-Secondary Syphilis",2017,Oregon,41,205,4.9,0
"Early Non-Primary, Non-Secondary Syphilis",2016,Oregon,41,250,6.1,0
"Early Non-Primary, Non-Secondary Syphilis",2015,Oregon,41,214,5.3,0
Congenital Syphilis,2019,Oregon,41,18,43,0
Congenital Syphilis,2018,Oregon,41,20,47.4,0
Congenital Syphilis,2017,Oregon,41,8,18.3,0
Congenital Syphilis,2016,Oregon,41,6,13.2,0
Congenital Syphilis,2015,Oregon,41,6,13.1,0
Chlamydia,2019,Oregon,41,"19,279",457.1,0
Chlamydia,2018,Oregon,41,"19,224",459.7,0
Chlamydia,2017,Oregon,41,"18,634",449.7,0
Chlamydia,2016,Oregon,41,"17,425",426,0
Chlamydia,2015,Oregon,41,"16,305",406,0
Primary and Secondary Syphilis,2019,Pennsylvania,42,991,7.7,0
Primary and Secondary Syphilis,2018,Pennsylvania,42,797,6.2,0
Primary and Secondary Syphilis,2017,Pennsylvania,42,793,6.2,0
Primary and Secondary Syphilis,2016,Pennsylvania,42,755,5.9,0
Primary and Secondary Syphilis,2015,Pennsylvania,42,655,5.1,0
Gonorrhea,2019,Pennsylvania,42,"16,059",125.4,0
Gonorrhea,2018,Pennsylvania,42,"15,887",124.1,0
Gonorrhea,2017,Pennsylvania,42,"15,244",119.2,0
Gonorrhea,2016,Pennsylvania,42,"14,603",114.2,0
Gonorrhea,2015,Pennsylvania,42,"12,791",100,0
"Early Non-Primary, Non-Secondary Syphilis",2019,Pennsylvania,42,"1,138",8.9,0
"Early Non-Primary, Non-Secondary Syphilis",2018,Pennsylvania,42,"1,192",9.3,0
"Early Non-Primary, Non-Secondary Syphilis",2017,Pennsylvania,42,"1,100",8.6,0
"Early Non-Primary, Non-Secondary Syphilis",2016,Pennsylvania,42,982,7.7,0
"Early Non-Primary, Non-Secondary Syphilis",2015,Pennsylvania,42,770,6,0
Congenital Syphilis,2019,Pennsylvania,42,13,9.7,0
Congenital Syphilis,2018,Pennsylvania,42,9,6.6,0
Congenital Syphilis,2017,Pennsylvania,42,7,5.1,0
Congenital Syphilis,2016,Pennsylvania,42,5,3.6,0
Congenital Syphilis,2015,Pennsylvania,42,7,5,0
Chlamydia,2019,Pennsylvania,42,"61,694",481.9,0
Chlamydia,2018,Pennsylvania,42,"59,340",463.6,0
Chlamydia,2017,Pennsylvania,42,"56,447",441.4,0
Chlamydia,2016,Pennsylvania,42,"56,930",445.4,0
Chlamydia,2015,Pennsylvania,42,"53,460",418.2,0
Primary and Secondary Syphilis,2019,Rhode Island,44,101,9.5,0
Primary and Secondary Syphilis,2018,Rhode Island,44,96,9.1,0
Primary and Secondary Syphilis,2017,Rhode Island,44,71,6.7,0
Primary and Secondary Syphilis,2016,Rhode Island,44,90,8.5,0
Primary and Secondary Syphilis,2015,Rhode Island,44,77,7.3,0
Gonorrhea,2019,Rhode Island,44,"1,516",143.1,0
Gonorrhea,2018,Rhode Island,44,"1,336",126.2,0
Gonorrhea,2017,Rhode Island,44,"1,087",103,0
Gonorrhea,2016,Rhode Island,44,716,67.8,0
Gonorrhea,2015,Rhode Island,44,580,54.9,0
"Early Non-Primary, Non-Secondary Syphilis",2019,Rhode Island,44,109,10.3,0
"Early Non-Primary, Non-Secondary Syphilis",2018,Rhode Island,44,71,6.7,0
"Early Non-Primary, Non-Secondary Syphilis",2017,Rhode Island,44,71,6.7,0
"Early Non-Primary, Non-Secondary Syphilis",2016,Rhode Island,44,63,6,0
"Early Non-Primary, Non-Secondary Syphilis",2015,Rhode Island,44,38,3.6,0
Congenital Syphilis,2019,Rhode Island,44,0,0,0
Congenital Syphilis,2018,Rhode Island,44,0,0,0
Congenital Syphilis,2017,Rhode Island,44,0,0,0
Congenital Syphilis,2016,Rhode Island,44,0,0,0
Congenital Syphilis,2015,Rhode Island,44,0,0,0
Chlamydia,2019,Rhode Island,44,"5,718",539.8,0
Chlamydia,2018,Rhode Island,44,"5,487",518.5,0
Chlamydia,2017,Rhode Island,44,"5,282",500.3,0
Chlamydia,2016,Rhode Island,44,"4,936",467.1,0
Chlamydia,2015,Rhode Island,44,"4,575",433.2,0
Primary and Secondary Syphilis,2019,South Carolina,45,516,10,0
Primary and Secondary Syphilis,2018,South Carolina,45,384,7.6,0
Primary and Secondary Syphilis,2017,South Carolina,45,361,7.2,0
Primary and Secondary Syphilis,2016,South Carolina,45,316,6.4,0
Primary and Secondary Syphilis,2015,South Carolina,45,294,6,0
Gonorrhea,2019,South Carolina,45,"14,160",275,0
Gonorrhea,2018,South Carolina,45,"13,801",271.5,0
Gonorrhea,2017,South Carolina,45,"12,623",251.4,0
Gonorrhea,2016,South Carolina,45,"9,194",185.4,0
Gonorrhea,2015,South Carolina,45,"8,206",167.7,0
"Early Non-Primary, Non-Secondary Syphilis",2019,South Carolina,45,681,13.2,0
"Early Non-Primary, Non-Secondary Syphilis",2018,South Carolina,45,732,14.4,0
"Early Non-Primary, Non-Secondary Syphilis",2017,South Carolina,45,687,13.7,0
"Early Non-Primary, Non-Secondary Syphilis",2016,South Carolina,45,613,12.4,0
"Early Non-Primary, Non-Secondary Syphilis",2015,South Carolina,45,496,10.1,0
Congenital Syphilis,2019,South Carolina,45,17,29.8,0
Congenital Syphilis,2018,South Carolina,45,9,15.9,0
Congenital Syphilis,2017,South Carolina,45,8,14,0
Congenital Syphilis,2016,South Carolina,45,9,15.7,0
Congenital Syphilis,2015,South Carolina,45,3,5.2,0
Chlamydia,2019,South Carolina,45,"35,950",698.2,0
Chlamydia,2018,South Carolina,45,"33,910",667,0
Chlamydia,2017,South Carolina,45,"32,235",642,0
Chlamydia,2016,South Carolina,45,"28,179",568.4,0
Chlamydia,2015,South Carolina,45,"27,538",562.9,0
Primary and Secondary Syphilis,2019,South Dakota,46,48,5.4,0
Primary and Secondary Syphilis,2018,South Dakota,46,41,4.7,0
Primary and Secondary Syphilis,2017,South Dakota,46,33,3.8,0
Primary and Secondary Syphilis,2016,South Dakota,46,26,3,0
Primary and Secondary Syphilis,2015,South Dakota,46,39,4.6,0
Gonorrhea,2019,South Dakota,46,"2,170",245.3,0
Gonorrhea,2018,South Dakota,46,"1,689",192.2,0
Gonorrhea,2017,South Dakota,46,"1,290",147.8,0
Gonorrhea,2016,South Dakota,46,"1,269",147,0
Gonorrhea,2015,South Dakota,46,"1,048",122.7,0
"Early Non-Primary, Non-Secondary Syphilis",2019,South Dakota,46,8,0.9,0
"Early Non-Primary, Non-Secondary Syphilis",2018,South Dakota,46,9,1,0
"Early Non-Primary, Non-Secondary Syphilis",2017,South Dakota,46,19,2.2,0
"Early Non-Primary, Non-Secondary Syphilis",2016,South Dakota,46,14,1.6,0
"Early Non-Primary, Non-Secondary Syphilis",2015,South Dakota,46,11,1.3,0
Congenital Syphilis,2019,South Dakota,46,2,17.5,0
Congenital Syphilis,2018,South Dakota,46,1,8.4,0
Congenital Syphilis,2017,South Dakota,46,3,24.7,0
Congenital Syphilis,2016,South Dakota,46,2,16.3,0
Congenital Syphilis,2015,South Dakota,46,0,0,0
Chlamydia,2019,South Dakota,46,"4,547",514,0
Chlamydia,2018,South Dakota,46,"4,432",504.4,0
Chlamydia,2017,South Dakota,46,"4,437",508.3,0
Chlamydia,2016,South Dakota,46,"4,331",501.9,0
Chlamydia,2015,South Dakota,46,"3,949",462.4,0
Primary and Secondary Syphilis,2019,Tennessee,47,676,9.9,1
Primary and Secondary Syphilis,2018,Tennessee,47,553,8.2,1
Primary and Secondary Syphilis,2017,Tennessee,47,488,7.3,1
Primary and Secondary Syphilis,2016,Tennessee,47,390,5.9,1
Primary and Secondary Syphilis,2015,Tennessee,47,349,5.3,1
Gonorrhea,2019,Tennessee,47,"16,026",234.7,1
Gonorrhea,2018,Tennessee,47,"14,627",216,1
Gonorrhea,2017,Tennessee,47,"12,426",185.2,1
Gonorrhea,2016,Tennessee,47,"10,179",153.2,1
Gonorrhea,2015,Tennessee,47,"8,386",127.2,1
"Early Non-Primary, Non-Secondary Syphilis",2019,Tennessee,47,639,9.4,1
"Early Non-Primary, Non-Secondary Syphilis",2018,Tennessee,47,472,7,1
"Early Non-Primary, Non-Secondary Syphilis",2017,Tennessee,47,412,6.1,1
"Early Non-Primary, Non-Secondary Syphilis",2016,Tennessee,47,337,5.1,1
"Early Non-Primary, Non-Secondary Syphilis",2015,Tennessee,47,312,4.7,1
Congenital Syphilis,2019,Tennessee,47,13,16.2,1
Congenital Syphilis,2018,Tennessee,47,13,16.1,1
Congenital Syphilis,2017,Tennessee,47,10,12.3,1
Congenital Syphilis,2016,Tennessee,47,8,9.9,1
Congenital Syphilis,2015,Tennessee,47,5,6.1,1
Chlamydia,2019,Tennessee,47,"41,089",601.7,1
Chlamydia,2018,Tennessee,47,"38,212",564.3,1
Chlamydia,2017,Tennessee,47,"35,087",523,1
Chlamydia,2016,Tennessee,47,"32,304",486.1,1
Chlamydia,2015,Tennessee,47,"31,272",474.5,1
Primary and Secondary Syphilis,2019,Texas,48,"2,357",8.1,1
Primary and Secondary Syphilis,2018,Texas,48,"2,538",8.9,1
Primary and Secondary Syphilis,2017,Texas,48,"2,233",7.9,1
Primary and Secondary Syphilis,2016,Texas,48,"1,955",7,1
Primary and Secondary Syphilis,2015,Texas,48,"1,680",6.1,1
Gonorrhea,2019,Texas,48,"44,230",152.5,1
Gonorrhea,2018,Texas,48,"47,231",165,1
Gonorrhea,2017,Texas,48,"47,409",167.6,1
Gonorrhea,2016,Texas,48,"42,472",152.2,1
Gonorrhea,2015,Texas,48,"39,717",144.6,1
"Early Non-Primary, Non-Secondary Syphilis",2019,Texas,48,"4,065",14,1
"Early Non-Primary, Non-Secondary Syphilis",2018,Texas,48,"4,245",14.8,1
"Early Non-Primary, Non-Secondary Syphilis",2017,Texas,48,"3,680",13,1
"Early Non-Primary, Non-Secondary Syphilis",2016,Texas,48,"2,872",10.3,1
"Early Non-Primary, Non-Secondary Syphilis",2015,Texas,48,"2,471",9,1
Congenital Syphilis,2019,Texas,48,528,139.8,1
Congenital Syphilis,2018,Texas,48,371,98,1
Congenital Syphilis,2017,Texas,48,179,46.9,1
Congenital Syphilis,2016,Texas,48,71,17.8,1
Congenital Syphilis,2015,Texas,48,52,12.9,1
Chlamydia,2019,Texas,48,"129,075",445.1,1
Chlamydia,2018,Texas,48,"146,510",511.8,1
Chlamydia,2017,Texas,48,"151,533",535.5,1
Chlamydia,2016,Texas,48,"142,952",512.1,1
Chlamydia,2015,Texas,48,"141,158",513.9,1
Primary and Secondary Syphilis,2019,Utah,49,138,4.3,1
Primary and Secondary Syphilis,2018,Utah,49,169,5.4,1
Primary and Secondary Syphilis,2017,Utah,49,117,3.8,1
Primary and Secondary Syphilis,2016,Utah,49,92,3,1
Primary and Secondary Syphilis,2015,Utah,49,65,2.2,1
Gonorrhea,2019,Utah,49,"2,886",90,1
Gonorrhea,2018,Utah,49,"2,895",91.8,1
Gonorrhea,2017,Utah,49,"2,543",82,1
Gonorrhea,2016,Utah,49,"2,100",69,1
Gonorrhea,2015,Utah,49,"1,562",52.4,1
"Early Non-Primary, Non-Secondary Syphilis",2019,Utah,49,120,3.7,1
"Early Non-Primary, Non-Secondary Syphilis",2018,Utah,49,101,3.2,1
"Early Non-Primary, Non-Secondary Syphilis",2017,Utah,49,85,2.7,1
"Early Non-Primary, Non-Secondary Syphilis",2016,Utah,49,61,2,1
"Early Non-Primary, Non-Secondary Syphilis",2015,Utah,49,31,1,1
Congenital Syphilis,2019,Utah,49,4,8.5,1
Congenital Syphilis,2018,Utah,49,1,2.1,1
Congenital Syphilis,2017,Utah,49,0,0,1
Congenital Syphilis,2016,Utah,49,0,0,1
Congenital Syphilis,2015,Utah,49,0,0,1
Chlamydia,2019,Utah,49,"11,075",345.5,1
Chlamydia,2018,Utah,49,"10,541",334.3,1
Chlamydia,2017,Utah,49,"10,135",326.8,1
Chlamydia,2016,Utah,49,"9,457",310.9,1
Chlamydia,2015,Utah,49,"8,633",289.5,1
Primary and Secondary Syphilis,2019,Vermont,50,11,1.8,0
Primary and Secondary Syphilis,2018,Vermont,50,11,1.8,0
Primary and Secondary Syphilis,2017,Vermont,50,13,2.1,0
Primary and Secondary Syphilis,2016,Vermont,50,23,3.7,0
Primary and Secondary Syphilis,2015,Vermont,50,9,1.4,0
Gonorrhea,2019,Vermont,50,175,28,0
Gonorrhea,2018,Vermont,50,268,42.9,0
Gonorrhea,2017,Vermont,50,203,32.5,0
Gonorrhea,2016,Vermont,50,126,20.2,0
Gonorrhea,2015,Vermont,50,155,24.8,0
"Early Non-Primary, Non-Secondary Syphilis",2019,Vermont,50,11,1.8,0
"Early Non-Primary, Non-Secondary Syphilis",2018,Vermont,50,18,2.9,0
"Early Non-Primary, Non-Secondary Syphilis",2017,Vermont,50,13,2.1,0
"Early Non-Primary, Non-Secondary Syphilis",2016,Vermont,50,14,2.2,0
"Early Non-Primary, Non-Secondary Syphilis",2015,Vermont,50,6,1,0
Congenital Syphilis,2019,Vermont,50,0,0,0
Congenital Syphilis,2018,Vermont,50,0,0,0
Congenital Syphilis,2017,Vermont,50,0,0,0
Congenital Syphilis,2016,Vermont,50,0,0,0
Congenital Syphilis,2015,Vermont,50,0,0,0
Chlamydia,2019,Vermont,50,"1,718",275.3,0
Chlamydia,2018,Vermont,50,"1,712",274.2,0
Chlamydia,2017,Vermont,50,"1,858",297.6,0
Chlamydia,2016,Vermont,50,"1,690",271,0
Chlamydia,2015,Vermont,50,"1,901",304.1,0
Primary and Secondary Syphilis,2019,Virginia,51,659,7.7,0
Primary and Secondary Syphilis,2018,Virginia,51,702,8.3,0
Primary and Secondary Syphilis,2017,Virginia,51,536,6.3,0
Primary and Secondary Syphilis,2016,Virginia,51,459,5.5,0
Primary and Secondary Syphilis,2015,Virginia,51,334,4,0
Gonorrhea,2019,Virginia,51,"13,840",162.1,0
Gonorrhea,2018,Virginia,51,"11,776",138.5,0
Gonorrhea,2017,Virginia,51,"12,596",148.8,0
Gonorrhea,2016,Virginia,51,"11,084",131.8,0
Gonorrhea,2015,Virginia,51,"8,099",96.9,0
"Early Non-Primary, Non-Secondary Syphilis",2019,Virginia,51,679,8,0
"Early Non-Primary, Non-Secondary Syphilis",2018,Virginia,51,668,7.9,0
"Early Non-Primary, Non-Secondary Syphilis",2017,Virginia,51,659,7.8,0
"Early Non-Primary, Non-Secondary Syphilis",2016,Virginia,51,602,7.2,0
"Early Non-Primary, Non-Secondary Syphilis",2015,Virginia,51,410,4.9,0
Congenital Syphilis,2019,Virginia,51,11,11.3,0
Congenital Syphilis,2018,Virginia,51,10,10,0
Congenital Syphilis,2017,Virginia,51,12,12,0
Congenital Syphilis,2016,Virginia,51,8,7.8,0
Congenital Syphilis,2015,Virginia,51,3,2.9,0
Chlamydia,2019,Virginia,51,"48,169",564.3,0
Chlamydia,2018,Virginia,51,"42,965",505.4,0
Chlamydia,2017,Virginia,51,"42,374",500.7,0
Chlamydia,2016,Virginia,51,"39,666",471.6,0
Chlamydia,2015,Virginia,51,"35,349",422.7,0
Primary and Secondary Syphilis,2019,Washington,53,816,10.7,0
Primary and Secondary Syphilis,2018,Washington,53,802,10.7,0
Primary and Secondary Syphilis,2017,Washington,53,677,9.1,0
Primary and Secondary Syphilis,2016,Washington,53,565,7.7,0
Primary and Secondary Syphilis,2015,Washington,53,445,6.2,0
Gonorrhea,2019,Washington,53,"11,736",154.1,0
Gonorrhea,2018,Washington,53,"11,207",149,0
Gonorrhea,2017,Washington,53,"9,915",133.6,0
Gonorrhea,2016,Washington,53,"8,174",112.1,0
Gonorrhea,2015,Washington,53,"7,171",100.1,0
"Early Non-Primary, Non-Secondary Syphilis",2019,Washington,53,721,9.5,0
"Early Non-Primary, Non-Secondary Syphilis",2018,Washington,53,599,8,0
"Early Non-Primary, Non-Secondary Syphilis",2017,Washington,53,588,7.9,0
"Early Non-Primary, Non-Secondary Syphilis",2016,Washington,53,446,6.1,0
"Early Non-Primary, Non-Secondary Syphilis",2015,Washington,53,293,4.1,0
Congenital Syphilis,2019,Washington,53,17,20,0
Congenital Syphilis,2018,Washington,53,6,7,0
Congenital Syphilis,2017,Washington,53,6,6.9,0
Congenital Syphilis,2016,Washington,53,3,3.3,0
Congenital Syphilis,2015,Washington,53,5,5.6,0
Chlamydia,2019,Washington,53,"37,795",496.3,0
Chlamydia,2018,Washington,53,"34,449",457.9,0
Chlamydia,2017,Washington,53,"32,231",434.2,0
Chlamydia,2016,Washington,53,"31,254",428.4,0
Chlamydia,2015,Washington,53,"28,699",400.6,0
Primary and Secondary Syphilis,2019,West Virginia,54,79,4.4,0
Primary and Secondary Syphilis,2018,West Virginia,54,65,3.6,0
Primary and Secondary Syphilis,2017,West Virginia,54,62,3.4,0
Primary and Secondary Syphilis,2016,West Virginia,54,53,2.9,0
Primary and Secondary Syphilis,2015,West Virginia,54,52,2.8,0
Gonorrhea,2019,West Virginia,54,"1,771",98.8,0
Gonorrhea,2018,West Virginia,54,"1,143",63.3,0
Gonorrhea,2017,West Virginia,54,"1,296",71.3,0
Gonorrhea,2016,West Virginia,54,919,50.2,0
Gonorrhea,2015,West Virginia,54,769,41.7,0
"Early Non-Primary, Non-Secondary Syphilis",2019,West Virginia,54,83,4.6,0
"Early Non-Primary, Non-Secondary Syphilis",2018,West Virginia,54,55,3,0
"Early Non-Primary, Non-Secondary Syphilis",2017,West Virginia,54,34,1.9,0
"Early Non-Primary, Non-Secondary Syphilis",2016,West Virginia,54,51,2.8,0
"Early Non-Primary, Non-Secondary Syphilis",2015,West Virginia,54,40,2.2,0
Congenital Syphilis,2019,West Virginia,54,6,33.1,0
Congenital Syphilis,2018,West Virginia,54,1,5.5,0
Congenital Syphilis,2017,West Virginia,54,3,16.1,0
Congenital Syphilis,2016,West Virginia,54,2,10.5,0
Congenital Syphilis,2015,West Virginia,54,0,0,0
Chlamydia,2019,West Virginia,54,"5,609",313,0
Chlamydia,2018,West Virginia,54,"3,599",199.5,0
Chlamydia,2017,West Virginia,54,"4,140",227.8,0
Chlamydia,2016,West Virginia,54,"4,821",263.3,0
Chlamydia,2015,West Virginia,54,"4,958",269.2,0
Primary and Secondary Syphilis,2019,Wisconsin,55,179,3.1,1
Primary and Secondary Syphilis,2018,Wisconsin,55,152,2.6,1
Primary and Secondary Syphilis,2017,Wisconsin,55,173,3,1
Primary and Secondary Syphilis,2016,Wisconsin,55,132,2.3,1
Primary and Secondary Syphilis,2015,Wisconsin,55,79,1.4,1
Gonorrhea,2019,Wisconsin,55,"8,846",151.9,1
Gonorrhea,2018,Wisconsin,55,"7,882",135.7,1
Gonorrhea,2017,Wisconsin,55,"7,661",132.3,1
Gonorrhea,2016,Wisconsin,55,"6,498",112.6,1
Gonorrhea,2015,Wisconsin,55,"5,260",91.3,1
"Early Non-Primary, Non-Secondary Syphilis",2019,Wisconsin,55,193,3.3,1
"Early Non-Primary, Non-Secondary Syphilis",2018,Wisconsin,55,163,2.8,1
"Early Non-Primary, Non-Secondary Syphilis",2017,Wisconsin,55,199,3.4,1
"Early Non-Primary, Non-Secondary Syphilis",2016,Wisconsin,55,150,2.6,1
"Early Non-Primary, Non-Secondary Syphilis",2015,Wisconsin,55,95,1.6,1
Congenital Syphilis,2019,Wisconsin,55,2,3.2,1
Congenital Syphilis,2018,Wisconsin,55,1,1.6,1
Congenital Syphilis,2017,Wisconsin,55,3,4.6,1
Congenital Syphilis,2016,Wisconsin,55,1,1.5,1
Congenital Syphilis,2015,Wisconsin,55,0,0,1
Chlamydia,2019,Wisconsin,55,"29,080",499.4,1
Chlamydia,2018,Wisconsin,55,"28,027",482.6,1
Chlamydia,2017,Wisconsin,55,"27,740",479.1,1
Chlamydia,2016,Wisconsin,55,"26,894",465.9,1
Chlamydia,2015,Wisconsin,55,"24,381",423.2,1
Primary and Secondary Syphilis,2019,Wyoming,56,11,1.9,0
Primary and Secondary Syphilis,2018,Wyoming,56,23,4,0
Primary and Secondary Syphilis,2017,Wyoming,56,4,0.7,0
Primary and Secondary Syphilis,2016,Wyoming,56,7,1.2,0
Primary and Secondary Syphilis,2015,Wyoming,56,5,0.9,0
Gonorrhea,2019,Wyoming,56,448,77.4,0
Gonorrhea,2018,Wyoming,56,311,53.8,0
Gonorrhea,2017,Wyoming,56,412,71.2,0
Gonorrhea,2016,Wyoming,56,275,47.1,0
Gonorrhea,2015,Wyoming,56,175,29.9,0
"Early Non-Primary, Non-Secondary Syphilis",2019,Wyoming,56,10,1.7,0
"Early Non-Primary, Non-Secondary Syphilis",2018,Wyoming,56,11,1.9,0
"Early Non-Primary, Non-Secondary Syphilis",2017,Wyoming,56,4,0.7,0
"Early Non-Primary, Non-Secondary Syphilis",2016,Wyoming,56,5,0.9,0
"Early Non-Primary, Non-Secondary Syphilis",2015,Wyoming,56,1,0.2,0
Congenital Syphilis,2019,Wyoming,56,0,0,0
Congenital Syphilis,2018,Wyoming,56,0,0,0
Congenital Syphilis,2017,Wyoming,56,0,0,0
Congenital Syphilis,2016,Wyoming,56,0,0,0
Congenital Syphilis,2015,Wyoming,56,0,0,0
Chlamydia,2019,Wyoming,56,"2,189",378.2,0
Chlamydia,2018,Wyoming,56,"2,169",375.5,0
Chlamydia,2017,Wyoming,56,"2,142",370,0
Chlamydia,2016,Wyoming,56,"2,060",352.6,0
Chlamydia,2015,Wyoming,56,"2,037",347.8,0